kol_account,profile_post_count,last_checked_at,last_changed_at,check_status
ooxxq60297ya,,2026-04-05 23:54:10,,count_read_failed
diamond1018,,2026-04-05 23:53:58,,count_read_failed
yuka_wang_,,2026-04-05 23:53:46,,count_read_failed
ellington20,,2026-04-05 23:53:34,,count_read_failed
elun1020,,2026-04-05 23:53:22,,count_read_failed
l.chingchun,,2026-04-05 23:53:10,,count_read_failed
x.yunny.x,,2026-04-05 23:52:58,,count_read_failed
brightlife_magrate,,2026-04-05 23:52:46,,count_read_failed
kusowhite,,2026-04-05 23:52:34,,count_read_failed
reformerz_kior,,2026-04-05 23:52:21,,count_read_failed
shawn328_,,2026-04-05 23:52:09,,count_read_failed
pigcatmama,,2026-04-05 23:51:57,,count_read_failed
rockerivanliu,,2026-04-05 23:51:45,,count_read_failed
alferdpacker69,,2026-04-05 23:51:33,,count_read_failed
gemma_chang,,2026-04-05 23:51:21,,count_read_failed
annie19880521,,2026-04-05 23:51:09,,count_read_failed
pinpin_0522,,2026-04-05 23:50:57,,count_read_failed
yi_hsien_1123,,2026-04-05 23:50:45,,count_read_failed
dayxcx_n,,2026-04-05 23:50:33,,count_read_failed
mori.s0909,,2026-04-05 23:50:20,,count_read_failed
clio1008,,2026-04-05 23:50:08,,count_read_failed
gracechiang105,,2026-04-05 23:49:57,,count_read_failed
wan_ting_tsai_,,2026-04-05 23:49:45,,count_read_failed
ch.ineffable,,2026-04-05 23:49:32,,count_read_failed
run_fong0526,,2026-04-05 23:49:21,,count_read_failed
mrcheu1019,,2026-04-05 23:49:09,,count_read_failed
ethan_hung3513,,2026-04-05 23:48:57,,count_read_failed
chuyo622,,2026-04-05 23:48:46,,count_read_failed
bumpbro,,2026-04-05 23:48:34,,count_read_failed
elephant_gogo,,2026-04-05 23:48:23,,count_read_failed
tanmilin,,2026-04-05 23:48:11,,count_read_failed
evalin555,,2026-04-05 23:48:00,,count_read_failed
mia9348,,2026-04-05 23:47:48,,count_read_failed
evasports_,,2026-04-05 23:47:37,,count_read_failed
peeta.gege,,2026-04-05 23:47:25,,count_read_failed
tsengsean,,2026-04-05 23:47:14,,count_read_failed
goldfishbrain17,,2026-04-05 23:47:02,,count_read_failed
nene_shao,,2026-04-05 23:46:51,,count_read_failed
tang_ful,,2026-04-05 23:46:39,,count_read_failed
zora_1024,,2026-04-05 23:46:28,,count_read_failed
lees_is_me,,2026-04-05 23:46:16,,count_read_failed
juliamisakii,,2026-04-05 23:46:04,,count_read_failed
ntsai25,,2026-04-05 23:45:53,,count_read_failed
___hsun____,,2026-04-05 23:45:41,,count_read_failed
sonia_0929,,2026-04-05 23:45:30,,count_read_failed
chelseafoodlife,,2026-04-05 23:45:18,,count_read_failed
arielsvlog_816,,2026-04-05 23:45:07,,count_read_failed
kudream,,2026-04-05 23:44:55,,count_read_failed
thedodomen,,2026-04-05 23:44:44,,count_read_failed
zoebitalk,,2026-04-05 23:44:32,,count_read_failed
weiwei4320,,2026-04-05 23:44:21,,count_read_failed
heyheyastor,,2026-04-05 23:44:09,,count_read_failed
aliceeecccc,,2026-04-05 23:43:57,,count_read_failed
qop0102qop,,2026-04-05 23:43:46,,count_read_failed
chiao_w,,2026-04-05 23:43:35,,count_read_failed
mimi00419,,2026-04-05 23:43:23,,count_read_failed
ning3035,,2026-04-05 23:43:11,,count_read_failed
rrei_ier,,2026-04-05 23:43:00,,count_read_failed
cindyhhh32,,2026-04-05 23:42:48,,count_read_failed
yi_chan_liang,,2026-04-05 23:42:37,,count_read_failed
1_shiuan_0,,2026-04-05 23:42:25,,count_read_failed
lockingjack,,2026-04-05 23:42:14,,count_read_failed
hoelaine1116,,2026-04-05 23:42:02,,count_read_failed
maygobla,,2026-04-05 23:41:51,,count_read_failed
myrna.17,,2026-04-05 23:41:39,,count_read_failed
woo_hsiang_chun,,2026-04-05 23:41:28,,count_read_failed
cinderzoee,,2026-04-05 23:41:16,,count_read_failed
selinalee_0126,,2026-04-05 23:41:05,,count_read_failed
hsuan09876,,2026-04-05 23:40:53,,count_read_failed
zona.ccc,,2026-04-05 23:40:42,,count_read_failed
51yui_,,2026-04-05 23:40:30,,count_read_failed
ellieciouss,,2026-04-05 23:40:19,,count_read_failed
thetiffanychen,,2026-04-05 23:40:07,,count_read_failed
lotmainidea,,2026-04-05 23:39:56,,count_read_failed
teacherchiang,,2026-04-05 23:39:44,,count_read_failed
joliechi,,2026-04-05 23:39:33,,count_read_failed
itspeachi_,,2026-04-05 23:39:21,,count_read_failed
uriko1219,,2026-04-05 23:39:10,,count_read_failed
cailingliou,,2026-04-05 23:38:58,,count_read_failed
kcting_____,2026.0,2026-04-05 23:38:47,2026-04-05 00:26:06,count_read_failed
giseleeel,,2026-04-05 23:38:35,,count_read_failed
wayne__yeah,,2026-04-05 23:38:24,,count_read_failed
david_der_der,,2026-04-05 23:38:12,,count_read_failed
hungkai.c,,2026-04-05 23:38:01,,count_read_failed
kiki_theblogger,,2026-04-05 23:37:49,,count_read_failed
illywang,,2026-04-05 23:37:26,,count_read_failed
gdan_pudding,,2026-04-05 23:37:15,,count_read_failed
helloiamhook,,2026-04-05 23:37:03,,count_read_failed
xbabyx520,,2026-04-05 23:36:52,,count_read_failed
vv_levia,,2026-04-05 23:36:40,,count_read_failed
xiaoawww,,2026-04-05 23:36:29,,count_read_failed
itrainyourmom,,2026-04-05 23:36:17,,count_read_failed
homei0416,,2026-04-05 23:36:06,,count_read_failed
orlando_1218,,2026-04-05 23:35:54,,count_read_failed
apple_misscrazy,,2026-04-05 23:35:43,,count_read_failed
2.20_l,,2026-04-05 23:35:31,,count_read_failed
yoooniii___,,2026-04-05 23:35:08,,count_read_failed
patrickliu0721,,2026-04-05 23:34:57,,count_read_failed
cheng4fake,,2026-04-05 23:34:45,,count_read_failed
wangkaiwen820,,2026-04-05 23:34:34,,count_read_failed
yuus2.0,,2026-04-05 23:34:22,,count_read_failed
althea_hsingan,,2026-04-05 23:34:10,,count_read_failed
16v0_0v16,,2026-04-05 23:33:59,,count_read_failed
raydenyang,,2026-04-05 23:33:47,,count_read_failed
yushit_whonow,,2026-04-05 23:33:36,,count_read_failed
fc313,,2026-04-05 23:33:24,,count_read_failed
_nakaw,,2026-04-05 23:33:13,,count_read_failed
qdd_x1,,2026-04-05 23:33:01,,count_read_failed
plgm_0827,,2026-04-05 23:32:50,,count_read_failed
syrinxcat,,2026-04-05 23:32:38,,count_read_failed
qqamy0720,,2026-04-05 23:32:27,,count_read_failed
frannie0420,,2026-04-05 23:32:15,,count_read_failed
m____sir,,2026-04-05 23:32:04,,count_read_failed
weiweibig,,2026-04-05 23:31:52,,count_read_failed
im_lilflower,,2026-04-05 23:31:41,,count_read_failed
cody.0928,,2026-04-05 23:31:29,,count_read_failed
dododo_yu,,2026-04-05 23:31:17,,count_read_failed
noloveclub127,,2026-04-05 23:31:06,,count_read_failed
mitayen,,2026-04-05 23:30:54,,count_read_failed
ktgn556412,,2026-04-05 23:30:43,,count_read_failed
k3okii,,2026-04-05 23:30:31,,count_read_failed
wow4ivan,,2026-04-05 23:30:20,,count_read_failed
xin_yeee719,,2026-04-05 23:30:08,,count_read_failed
seaerr__,,2026-04-05 23:29:56,,count_read_failed
l1vius07,,2026-04-05 23:29:45,,count_read_failed
da_chien_huang,,2026-04-05 23:29:33,,count_read_failed
